{
  "dropout": 0.2316127692723112,
  "layer_sizes": [
    16,
    16,
    8
  ],
  "lr": 0.0497568697613545
}