{
  "layer_sizes": [32, 32, 16],
  "dropout": 0.07176813003011602,
  "lr": 0.0859313057313352,
  "batch_size": 1
}