{
  "dropout": 0.5324928725571925,
  "layer_sizes": [
    64,
    64,
    32
  ],
  "lr": 0.2858028087167802
}