{
  "batchnorm": false,
  "dropout": 0.07176813003011602,
  "hidden_feats": 512,
  "lr": 0.0859313057313352,
  "num_gnn_layers": 2,
  "residual": false
}