{
  "batchnorm": true,
  "dropout": 0.09968016679420233,
  "hidden_feats": 32,
  "lr": 0.167419876724438,
  "num_gnn_layers": 2,
  "residual": false
}
