{
  "batchnorm": true,
  "dropout": 0.04333497108612183,
  "hidden_feats": 128,
  "lr": 0.15302291932022413,
  "num_gnn_layers": 2,
  "residual": true
}